Time (hour),Intensity (W/m2)
0.0,0.0
1.0,0.0
2.0,0.0
3.0,0.0
4.0,0.0
5.0,0.0
6.0,0.0
7.0,0.0
8.0,69.31270793523032
9.0,310.0965981594948
10.0,549.7667961097764
11.0,840.3275554480153
12.0,956.1373730547568
13.0,965.7309867961983
14.0,908.7109308958024
15.0,621.1503032618433
16.0,361.8664190469236
17.0,116.36691586653731
18.0,8.393898392752417e-06
19.0,0.0
20.0,0.0
21.0,0.0
22.0,0.0
23.0,0.0
