Time (hour),Intensity (W/m2)
0.0,0.0
1.0,0.0
2.0,0.0
3.0,0.0
4.0,0.0
5.0,0.0
6.0,0.0
7.0,30.89131541300457
8.0,201.28772009427416
9.0,443.96997164271517
10.0,691.7124556552185
11.0,1001.3494845827606
12.0,1073.7118381754929
13.0,1100.4803848481868
14.0,965.3603657748016
15.0,764.1117456178943
16.0,612.7597822215556
17.0,328.4430492054896
18.0,97.61553517103594
19.0,0.09143018940020538
20.0,0.0
21.0,0.0
22.0,0.0
23.0,0.0
