Time (hour),Intensity (W/m2)
0.0,0.0
1.0,0.0
2.0,0.0
3.0,0.0
4.0,0.0
5.0,0.0
6.0,45.99652545172098
7.0,195.39818666389397
8.0,424.66602973514256
9.0,666.5266879897443
10.0,992.0530822386638
11.0,1210.5956429487255
12.0,1144.0266028665715
13.0,1336.9309683955134
14.0,1330.669361368975
15.0,1161.3491455135597
16.0,977.3853342576749
17.0,695.3630247434232
18.0,490.3772548456441
19.0,244.19840349988468
20.0,51.78257599452536
21.0,0.0
22.0,0.0
23.0,0.0
