Time (hour),Intensity (W/m2)
0.0,0.0
1.0,0.0
2.0,0.0
3.0,0.0
4.0,0.0
5.0,0.0
6.0,5.644129999519019
7.0,131.0438496291623
8.0,316.0846461491546
9.0,590.4923491261693
10.0,861.9479199812982
11.0,1053.5541823110395
12.0,1173.4702680105909
13.0,1242.2618234574747
14.0,1184.5271518349273
15.0,1056.6929200401203
16.0,747.6375254987829
17.0,533.7417230647068
18.0,266.38380875088444
19.0,93.64411631081022
20.0,0.17544455322789787
21.0,0.0
22.0,0.0
23.0,0.0
