Time (hour),Intensity (W/m2)
0.0,0.0
1.0,0.0
2.0,0.0
3.0,0.0
4.0,0.0
5.0,0.0
6.0,0.0
7.0,0.0
8.0,69.3512017453753
9.0,293.79394052530444
10.0,597.9190072269732
11.0,829.6646216993704
12.0,1010.7647585324848
13.0,1061.644658537164
14.0,916.3271308961735
15.0,685.3494535330326
16.0,387.8772770440594
17.0,114.72425659595449
18.0,0.012880038150643465
19.0,0.0
20.0,0.0
21.0,0.0
22.0,0.0
23.0,0.0
