Time (hour),Intensity (W/m2)
0.0,0.0
1.0,0.0
2.0,0.0
3.0,0.0
4.0,0.0
5.0,0.0
6.0,7.4956255725143315
7.0,133.87139542063068
8.0,355.7787068552205
9.0,642.6935950467441
10.0,852.6536515245296
11.0,1056.963718466889
12.0,1240.8545388741113
13.0,1232.7893364545516
14.0,1215.5499008893185
15.0,1064.4368696913887
16.0,872.5284506245438
17.0,533.2065151817225
18.0,309.9141736485865
19.0,106.99498979081822
20.0,1.8594774516117447
21.0,0.0
22.0,0.0
23.0,0.0
