Time (hour),Intensity (W/m2)
0.0,0.0
1.0,0.0
2.0,0.0
3.0,0.0
4.0,0.0
5.0,0.0
6.0,0.0
7.0,0.0
8.0,7.081573719608187
9.0,195.90459416749363
10.0,448.41413640566145
11.0,752.726556441527
12.0,853.7625275936217
13.0,926.2606097757439
14.0,697.7483245039855
15.0,457.800381180833
16.0,208.89282023442908
17.0,11.346439348037613
18.0,0.0
19.0,0.0
20.0,0.0
21.0,0.0
22.0,0.0
23.0,0.0
