Time (hour),Intensity (W/m2)
0.0,0.0
1.0,0.0
2.0,0.0
3.0,0.0
4.0,0.0
5.0,0.23973836142566132
6.0,71.74378882856362
7.0,238.64966706136448
8.0,491.1967068779388
9.0,716.4053285914733
10.0,1046.2435614923888
11.0,1176.1933485310074
12.0,1166.5586333618462
13.0,1307.501693386476
14.0,1207.695553194175
15.0,1150.4670737744816
16.0,1069.5891967937011
17.0,691.3985274565239
18.0,522.5495110943368
19.0,247.50919738024746
20.0,82.15718349596904
21.0,0.7799897406762839
22.0,0.0
23.0,0.0
