Time (hour),Intensity (W/m2)
0.0,0.0
1.0,0.0
2.0,0.0
3.0,0.0
4.0,0.0
5.0,0.0
6.0,0.0
7.0,24.939987444781824
8.0,198.26358930988593
9.0,413.8676985576071
10.0,780.8402140280353
11.0,945.7782225121427
12.0,1099.5599761433887
13.0,1183.4476618246038
14.0,950.580554868334
15.0,839.8777959411876
16.0,548.4638520917982
17.0,310.8984327018357
18.0,90.94610980725452
19.0,0.008496114036343792
20.0,0.0
21.0,0.0
22.0,0.0
23.0,0.0
