Time (hour),Intensity (W/m2)
0.0,0.0
1.0,0.0
2.0,0.0
3.0,0.0
4.0,0.0
5.0,0.0
6.0,0.0
7.0,0.0
8.0,6.586008501376713
9.0,167.0349868923438
10.0,500.80713404254766
11.0,738.7929092901148
12.0,976.4676069893447
13.0,978.6383843625874
14.0,792.1802560175529
15.0,498.14383715542
16.0,204.0130744452069
17.0,11.148441451178265
18.0,0.0
19.0,0.0
20.0,0.0
21.0,0.0
22.0,0.0
23.0,0.0
