Time (hour),Intensity (W/m2)
0.0,0.0
1.0,0.0
2.0,0.0
3.0,0.0
4.0,0.0
5.0,0.0
6.0,0.0
7.0,0.0
8.0,0.0
9.0,130.87761428138802
10.0,408.95294208555725
11.0,772.0954252274726
12.0,887.2944081443613
13.0,897.7388653208847
14.0,749.3216331658801
15.0,409.8051388320482
16.0,135.1656301011721
17.0,0.0
18.0,0.0
19.0,0.0
20.0,0.0
21.0,0.0
22.0,0.0
23.0,0.0
