Time (hour),Intensity (W/m2)
0.0,0.0
1.0,0.0
2.0,0.0
3.0,0.0
4.0,0.0
5.0,0.0
6.0,62.649938008488235
7.0,232.96131020053323
8.0,437.73131100227033
9.0,661.0275583200184
10.0,896.652226795213
11.0,1229.8009893115109
12.0,1285.5453311537055
13.0,1278.2949701134753
14.0,1179.2520406100584
15.0,1187.2494534879893
16.0,899.5725691813502
17.0,709.8622867968219
18.0,454.051358720189
19.0,209.78611627389952
20.0,45.76360599780589
21.0,0.0
22.0,0.0
23.0,0.0
